{
    "name" : "datos de medidas de listones",
    "try1" : 12.876868,
    "try2" : 12.534,
    "try3" : 11.123,
    "try4" : 9.0023,
    "try5" : 13.826,
    "try6" : 12.11112,
    "try7" : 12,
    "try8" : 10.923,
    "try9" : 14.1,
    "try10" : 12.561,
    "try11" : 9.9929,
    "prom" : 12.0045
}